sale_id,customer_id,product_id,employee_id,quantity,sale_amount,sale_date
1,31,47,14,1,43103.82,2025-09-08
2,89,45,16,2,150850.12,2025-11-27
3,58,36,1,4,122818.08,2025-02-17
4,52,11,8,2,72975.5,2025-06-06
5,48,18,16,5,186087.7,2025-10-11
6,55,14,18,3,35672.85,2025-06-19
7,35,4,10,4,165138.48,2025-05-09
8,93,23,7,1,49050.92,2025-06-11
9,98,34,6,5,357264.2,2025-04-09
10,36,46,19,4,241210.64,2025-09-26
11,13,47,7,3,129311.46,2025-06-01
12,23,11,10,3,109463.25,2025-01-08
13,17,27,9,5,180302.85,2025-01-24
14,38,15,5,5,357117.6,2025-11-23
15,14,12,1,4,62541.52,2025-10-21
16,62,1,15,4,141714.28,2025-06-24
17,33,12,16,1,15635.38,2025-02-28
18,63,24,3,4,136786.36,2025-10-23
19,20,4,5,1,41284.62,2025-10-16
20,32,16,4,1,62295.79,2025-10-13
21,77,35,20,5,55780.45,2025-04-26
22,58,23,15,4,196203.68,2025-06-02
23,40,5,19,4,107526.16,2025-11-14
24,95,47,4,5,215519.1,2025-04-17
25,34,38,3,2,66495.88,2025-03-22
26,71,20,3,2,73142.6,2025-03-22
27,58,38,20,4,132991.76,2025-08-29
28,30,47,10,1,43103.82,2025-12-28
29,10,48,8,4,256037.88,2025-05-16
30,85,25,7,5,178642.5,2025-08-06
31,29,11,5,5,182438.75,2025-05-17
32,8,50,6,1,34923.29,2025-06-07
33,37,27,15,5,180302.85,2025-03-05
34,90,24,13,3,102589.77,2025-05-20
35,64,25,15,5,178642.5,2025-02-11
36,56,30,11,1,38819.3,2025-11-06
37,12,50,8,1,34923.29,2025-12-12
38,3,26,9,5,297590.35,2025-10-23
39,61,36,17,2,61409.04,2025-11-30
40,24,2,19,3,122828.4,2025-08-12
41,12,13,16,4,158402.96,2025-06-28
42,42,9,4,3,236149.47,2025-03-24
43,89,35,16,4,44624.36,2025-05-28
44,98,34,18,4,285811.36,2025-01-19
45,41,39,9,1,43454.63,2025-06-15
46,66,24,1,4,136786.36,2025-12-03
47,53,27,2,4,144242.28,2025-04-07
48,80,29,16,3,183865.53,2025-11-17
49,27,38,9,1,33247.94,2025-10-09
50,57,36,16,3,92113.56,2025-03-04
51,31,48,6,5,320047.35,2025-06-09
52,71,19,14,1,20010.94,2025-02-17
53,60,15,4,1,71423.52,2025-11-28
54,92,11,10,4,145951.0,2025-09-18
55,54,23,16,3,147152.76,2025-08-30
56,71,17,5,4,56613.4,2025-07-16
57,66,47,5,5,215519.1,2025-02-05
58,44,15,17,4,285694.08,2025-05-17
59,93,14,10,3,35672.85,2025-10-28
60,20,44,15,4,121969.76,2025-10-03
61,43,43,18,3,205658.67,2025-10-06
62,42,3,7,4,210968.68,2025-12-24
63,50,43,8,5,342764.45,2025-07-30
64,96,27,16,3,108181.71,2025-12-28
65,85,13,5,4,158402.96,2025-09-11
66,65,5,19,2,53763.08,2025-06-19
67,13,29,17,4,245154.04,2025-08-22
68,53,14,5,2,23781.9,2025-02-08
69,44,18,20,3,111652.62,2025-12-21
70,43,34,18,1,71452.84,2025-07-14
71,70,5,2,4,107526.16,2025-11-13
72,81,13,10,2,79201.48,2025-04-27
73,56,50,4,1,34923.29,2025-11-21
74,57,25,6,1,35728.5,2025-12-22
75,6,13,11,1,39600.74,2025-01-29
76,48,1,14,3,106285.71,2025-03-16
77,53,49,19,5,195547.7,2025-12-16
78,23,13,3,2,79201.48,2025-11-09
79,88,12,8,5,78176.9,2025-09-12
80,30,36,15,2,61409.04,2025-11-23
81,33,28,1,4,268820.16,2025-08-27
82,21,11,3,5,182438.75,2025-08-15
83,39,34,14,5,357264.2,2025-12-20
84,39,21,7,4,213757.84,2025-07-16
85,31,47,13,1,43103.82,2025-10-20
86,38,40,10,5,25375.15,2025-01-12
87,36,2,1,4,163771.2,2025-10-17
88,78,7,16,1,64544.38,2025-05-27
89,46,2,8,5,204714.0,2025-11-22
90,33,17,5,5,70766.75,2025-11-18
91,40,12,15,1,15635.38,2025-01-18
92,94,7,5,3,193633.14,2025-02-16
93,96,43,14,3,205658.67,2025-03-31
94,70,50,12,2,69846.58,2025-09-29
95,22,28,9,3,201615.12,2025-09-04
96,15,24,15,3,102589.77,2025-02-08
97,87,15,13,2,142847.04,2025-10-13
98,51,34,1,1,71452.84,2025-05-16
99,59,25,12,1,35728.5,2025-12-11
100,75,11,13,3,109463.25,2025-11-23
101,87,49,8,1,39109.54,2025-08-30
102,72,2,11,5,204714.0,2025-11-09
103,82,25,15,1,35728.5,2025-12-25
104,15,7,5,4,258177.52,2025-01-24
105,64,48,4,3,192028.41,2025-02-19
106,18,22,13,5,238383.2,2025-08-21
107,54,32,19,5,285561.15,2025-03-21
108,63,31,20,1,22040.34,2025-07-28
109,89,38,12,1,33247.94,2025-04-22
110,31,24,12,4,136786.36,2025-02-20
111,70,39,12,3,130363.89,2025-02-01
112,25,38,4,3,99743.82,2025-08-21
113,83,45,20,2,150850.12,2025-01-11
114,32,42,5,3,227071.08,2025-10-17
115,98,47,18,1,43103.82,2025-04-17
116,30,26,11,2,119036.14,2025-03-17
117,36,18,5,1,37217.54,2025-03-08
118,23,46,4,3,180907.98,2025-12-05
119,2,9,12,2,157432.98,2025-05-02
120,3,43,6,3,205658.67,2025-05-16
121,95,11,14,2,72975.5,2025-09-27
122,61,32,15,1,57112.23,2025-07-05
123,14,26,15,5,297590.35,2025-09-15
124,6,41,17,5,156096.0,2025-06-04
125,8,37,16,1,56542.89,2025-07-25
126,63,32,15,1,57112.23,2025-02-07
127,78,45,5,3,226275.18,2025-02-03
128,80,32,19,3,171336.69,2025-10-08
129,49,9,20,3,236149.47,2025-09-29
130,65,46,20,4,241210.64,2025-08-09
131,84,12,18,1,15635.38,2025-04-21
132,30,21,14,4,213757.84,2025-06-23
133,54,13,4,4,158402.96,2025-06-10
134,86,6,9,3,161569.11,2025-07-11
135,9,28,3,4,268820.16,2025-02-13
136,13,3,12,4,210968.68,2025-03-08
137,76,24,18,1,34196.59,2025-10-15
138,53,11,12,1,36487.75,2025-12-07
139,93,14,2,4,47563.8,2025-05-28
140,46,50,4,3,104769.87,2025-10-23
141,20,21,16,2,106878.92,2025-04-25
142,72,45,12,3,226275.18,2025-02-28
143,74,28,8,3,201615.12,2025-08-08
144,79,14,18,5,59454.75,2025-01-14
145,4,19,6,3,60032.82,2025-05-20
146,44,45,12,3,226275.18,2025-01-04
147,73,21,13,2,106878.92,2025-02-05
148,12,33,17,1,21810.04,2025-04-21
149,59,36,11,4,122818.08,2025-03-22
150,93,11,11,3,109463.25,2025-10-18
151,7,4,5,1,41284.62,2025-03-22
152,7,2,3,5,204714.0,2025-05-20
153,63,45,20,4,301700.24,2025-08-15
154,28,3,17,3,158226.51,2025-02-28
155,15,34,10,4,285811.36,2025-12-14
156,63,49,17,5,195547.7,2025-12-08
157,29,1,13,1,35428.57,2025-11-03
158,27,36,10,1,30704.52,2025-04-19
159,38,16,11,3,186887.37,2025-03-03
160,96,25,14,4,142914.0,2025-03-31
161,69,14,8,4,47563.8,2025-09-14
162,10,24,13,3,102589.77,2025-01-22
163,59,31,3,1,22040.34,2025-06-10
164,74,30,13,4,155277.2,2025-12-30
165,38,1,4,4,141714.28,2025-07-27
166,22,18,20,3,111652.62,2025-08-24
167,12,21,14,3,160318.38,2025-02-24
168,76,4,13,4,165138.48,2025-09-26
169,40,48,11,4,256037.88,2025-04-24
170,10,22,17,2,95353.28,2025-11-21
171,66,1,7,5,177142.85,2025-06-28
172,31,46,4,2,120605.32,2025-03-16
173,23,25,20,2,71457.0,2025-03-20
174,23,27,16,1,36060.57,2025-08-26
175,98,22,19,5,238383.2,2025-08-18
176,83,20,20,5,182856.5,2025-06-15
177,20,11,15,3,109463.25,2025-02-04
178,81,13,10,4,158402.96,2025-05-21
179,46,14,17,1,11890.95,2025-02-07
180,58,10,2,4,271976.16,2025-01-30
181,10,17,3,3,42460.05,2025-11-11
182,50,48,15,5,320047.35,2025-10-25
183,58,29,19,1,61288.51,2025-11-30
184,78,45,16,3,226275.18,2025-09-14
185,58,38,4,1,33247.94,2025-06-25
186,65,13,6,1,39600.74,2025-01-21
187,57,36,17,4,122818.08,2025-09-25
188,47,30,12,2,77638.6,2025-05-25
189,100,35,11,4,44624.36,2025-12-14
190,81,17,11,1,14153.35,2025-02-03
191,72,39,13,1,43454.63,2025-05-26
192,20,16,11,5,311478.95,2025-02-11
193,45,20,10,2,73142.6,2025-12-02
194,17,35,20,4,44624.36,2025-12-29
195,72,9,13,3,236149.47,2025-11-26
196,86,47,17,2,86207.64,2025-02-17
197,66,5,12,4,107526.16,2025-01-10
198,24,39,7,3,130363.89,2025-06-24
199,29,23,5,2,98101.84,2025-03-21
200,13,40,17,3,15225.09,2025-10-04
201,5,14,11,5,59454.75,2025-11-13
202,49,48,5,5,320047.35,2025-03-25
203,22,34,15,5,357264.2,2025-01-23
204,87,21,8,3,160318.38,2025-08-16
205,97,33,15,3,65430.12,2025-04-30
206,40,13,16,2,79201.48,2025-04-10
207,57,15,15,5,357117.6,2025-05-25
208,68,24,14,5,170982.95,2025-03-24
209,18,16,9,5,311478.95,2025-01-27
210,48,33,18,4,87240.16,2025-02-22
211,16,36,10,5,153522.6,2025-02-12
212,58,28,17,3,201615.12,2025-03-17
213,29,39,15,1,43454.63,2025-06-28
214,7,24,13,4,136786.36,2025-09-15
215,50,8,3,2,4103.18,2025-07-11
216,41,4,4,1,41284.62,2025-11-29
217,18,30,2,2,77638.6,2025-05-27
218,98,35,16,2,22312.18,2025-08-18
219,11,49,1,1,39109.54,2025-05-12
220,71,23,20,2,98101.84,2025-09-28
221,100,8,10,1,2051.59,2025-05-02
222,7,9,8,1,78716.49,2025-08-03
223,59,1,3,5,177142.85,2025-02-26
224,69,40,1,5,25375.15,2025-11-20
225,31,6,5,5,269281.85,2025-05-30
226,79,25,12,1,35728.5,2025-05-04
227,24,3,3,4,210968.68,2025-09-26
228,68,44,18,1,30492.44,2025-09-17
229,3,14,13,5,59454.75,2025-08-29
230,48,10,9,4,271976.16,2025-01-09
231,45,31,8,1,22040.34,2025-12-03
232,99,3,19,1,52742.17,2025-06-20
233,46,17,18,1,14153.35,2025-06-23
234,100,10,15,2,135988.08,2025-12-23
235,18,14,3,2,23781.9,2025-08-23
236,26,34,2,3,214358.52,2025-04-13
237,40,18,17,3,111652.62,2025-07-23
238,33,33,2,4,87240.16,2025-11-28
239,46,26,2,3,178554.21,2025-12-02
240,16,23,12,3,147152.76,2025-08-12
241,50,9,11,4,314865.96,2025-04-06
242,48,1,17,4,141714.28,2025-05-17
243,11,24,14,4,136786.36,2025-11-05
244,38,42,11,5,378451.8,2025-02-22
245,85,21,10,3,160318.38,2025-06-06
246,92,36,14,5,153522.6,2025-03-27
247,45,22,15,4,190706.56,2025-01-22
248,79,1,14,3,106285.71,2025-05-21
249,10,17,13,1,14153.35,2025-07-06
250,4,26,5,2,119036.14,2025-11-08
251,5,40,5,4,20300.12,2025-02-04
252,47,29,13,3,183865.53,2025-10-18
253,20,32,15,5,285561.15,2025-07-09
254,98,47,3,4,172415.28,2025-10-21
255,47,34,13,5,357264.2,2025-06-10
256,32,3,4,3,158226.51,2025-01-14
257,64,16,17,2,124591.58,2025-07-18
258,34,8,9,1,2051.59,2025-12-27
259,79,28,10,2,134410.08,2025-12-22
260,16,10,5,2,135988.08,2025-02-07
261,92,27,15,2,72121.14,2025-02-14
262,86,26,12,3,178554.21,2025-12-30
263,70,48,10,5,320047.35,2025-06-03
264,47,35,17,2,22312.18,2025-04-25
265,18,42,8,2,151380.72,2025-09-10
266,71,8,19,3,6154.77,2025-07-08
267,17,19,20,5,100054.7,2025-02-14
268,51,28,16,3,201615.12,2025-09-27
269,74,48,3,4,256037.88,2025-03-06
270,58,41,15,1,31219.2,2025-12-15
271,17,24,18,3,102589.77,2025-11-24
272,99,30,5,2,77638.6,2025-08-10
273,16,43,17,1,68552.89,2025-03-20
274,21,20,11,2,73142.6,2025-12-30
275,67,7,10,3,193633.14,2025-02-10
276,82,24,18,2,68393.18,2025-05-21
277,79,27,18,3,108181.71,2025-02-17
278,76,44,19,2,60984.88,2025-03-20
279,93,22,20,5,238383.2,2025-06-22
280,4,18,3,1,37217.54,2025-01-24
281,34,36,7,5,153522.6,2025-10-20
282,82,47,1,5,215519.1,2025-09-12
283,38,37,10,5,282714.45,2025-09-05
284,39,42,15,4,302761.44,2025-02-07
285,21,24,15,1,34196.59,2025-08-01
286,27,24,11,4,136786.36,2025-11-07
287,92,41,11,3,93657.6,2025-06-26
288,98,12,12,2,31270.76,2025-09-21
289,41,49,8,1,39109.54,2025-08-27
290,58,11,8,3,109463.25,2025-03-14
291,38,39,13,1,43454.63,2025-11-12
292,21,12,11,2,31270.76,2025-10-23
293,25,2,6,3,122828.4,2025-09-13
294,64,21,10,4,213757.84,2025-09-12
295,51,35,17,1,11156.09,2025-08-23
296,75,8,12,2,4103.18,2025-01-25
297,64,11,20,3,109463.25,2025-12-01
298,37,33,18,4,87240.16,2025-01-05
299,18,18,9,4,148870.16,2025-07-07
300,6,42,13,3,227071.08,2025-01-27
301,25,27,12,5,180302.85,2025-10-11
302,50,25,17,1,35728.5,2025-08-19
303,80,16,20,3,186887.37,2025-03-02
304,51,48,12,1,64009.47,2025-06-23
305,97,16,5,3,186887.37,2025-04-12
306,52,42,17,5,378451.8,2025-01-21
307,18,36,11,1,30704.52,2025-08-31
308,20,11,20,4,145951.0,2025-09-21
309,79,8,11,3,6154.77,2025-03-25
310,95,33,10,5,109050.2,2025-10-31
311,66,18,18,5,186087.7,2025-09-08
312,39,3,16,5,263710.85,2025-01-09
313,87,2,4,3,122828.4,2025-08-02
314,93,34,1,3,214358.52,2025-11-02
315,84,13,19,3,118802.22,2025-10-23
316,75,11,16,1,36487.75,2025-03-29
317,100,41,13,5,156096.0,2025-03-17
318,5,41,19,2,62438.4,2025-12-25
319,3,1,15,2,70857.14,2025-06-10
320,53,33,7,2,43620.08,2025-07-30
321,61,48,2,5,320047.35,2025-12-28
322,27,34,18,5,357264.2,2025-06-16
323,68,18,13,4,148870.16,2025-06-10
324,69,15,11,4,285694.08,2025-10-07
325,79,24,16,3,102589.77,2025-04-09
326,72,2,10,3,122828.4,2025-04-26
327,91,28,7,3,201615.12,2025-12-20
328,41,31,16,4,88161.36,2025-06-28
329,37,42,4,3,227071.08,2025-10-21
330,49,25,13,5,178642.5,2025-06-26
331,6,22,10,3,143029.92,2025-02-10
332,84,28,9,4,268820.16,2025-09-03
333,69,32,9,2,114224.46,2025-10-15
334,18,16,4,3,186887.37,2025-11-12
335,31,43,8,5,342764.45,2025-01-26
336,29,15,8,5,357117.6,2025-01-27
337,43,4,16,4,165138.48,2025-02-21
338,1,27,18,2,72121.14,2025-03-22
339,62,41,7,4,124876.8,2025-05-28
340,83,22,2,3,143029.92,2025-02-15
341,30,26,18,5,297590.35,2025-01-20
342,23,35,2,4,44624.36,2025-07-23
343,96,40,10,2,10150.06,2025-01-20
344,73,30,20,3,116457.9,2025-02-24
345,59,14,18,3,35672.85,2025-09-26
346,65,17,15,2,28306.7,2025-05-20
347,43,5,6,1,26881.54,2025-08-23
348,92,25,6,3,107185.5,2025-01-08
349,38,45,19,3,226275.18,2025-12-12
350,23,47,20,2,86207.64,2025-11-24
351,66,14,11,4,47563.8,2025-02-14
352,24,16,5,1,62295.79,2025-09-02
353,1,15,9,2,142847.04,2025-07-16
354,97,35,9,4,44624.36,2025-06-18
355,93,25,19,5,178642.5,2025-01-06
356,89,9,8,3,236149.47,2025-02-01
357,60,44,10,1,30492.44,2025-03-23
358,91,45,10,5,377125.3,2025-12-20
359,48,50,20,3,104769.87,2025-04-24
360,62,40,5,2,10150.06,2025-08-21
361,48,43,14,5,342764.45,2025-12-26
362,97,1,18,4,141714.28,2025-12-07
363,88,21,20,2,106878.92,2025-02-11
364,68,13,12,4,158402.96,2025-02-09
365,8,4,18,1,41284.62,2025-09-16
366,69,46,5,5,301513.3,2025-03-26
367,57,34,4,5,357264.2,2025-12-15
368,63,12,3,5,78176.9,2025-09-19
369,59,7,5,1,64544.38,2025-09-20
370,73,7,2,4,258177.52,2025-10-14
371,93,22,1,3,143029.92,2025-07-22
372,96,22,7,1,47676.64,2025-10-24
373,55,34,12,1,71452.84,2025-12-25
374,8,24,3,5,170982.95,2025-08-30
375,53,27,6,3,108181.71,2025-03-11
376,48,36,13,4,122818.08,2025-08-18
377,11,48,18,4,256037.88,2025-03-10
378,16,41,6,3,93657.6,2025-10-03
379,17,18,8,5,186087.7,2025-01-02
380,39,49,15,1,39109.54,2025-12-11
381,55,27,18,5,180302.85,2025-07-14
382,59,1,12,2,70857.14,2025-03-21
383,93,17,4,2,28306.7,2025-01-17
384,79,3,1,4,210968.68,2025-05-04
385,13,45,20,1,75425.06,2025-01-18
386,87,12,2,5,78176.9,2025-05-06
387,52,17,15,1,14153.35,2025-04-30
388,97,12,2,2,31270.76,2025-03-13
389,30,40,19,3,15225.09,2025-06-13
390,99,28,11,5,336025.2,2025-05-02
391,85,38,17,2,66495.88,2025-04-24
392,36,4,2,3,123853.86,2025-10-13
393,81,31,14,2,44080.68,2025-10-12
394,45,1,13,1,35428.57,2025-09-26
395,53,14,5,4,47563.8,2025-06-03
396,97,43,18,2,137105.78,2025-08-31
397,39,7,5,2,129088.76,2025-08-26
398,53,2,14,5,204714.0,2025-10-13
399,50,28,8,2,134410.08,2025-05-11
400,83,10,3,3,203982.12,2025-08-19
401,69,6,7,1,53856.37,2025-01-27
402,87,11,20,4,145951.0,2025-11-05
403,25,43,19,1,68552.89,2025-12-10
404,62,24,7,2,68393.18,2025-06-20
405,28,35,7,1,11156.09,2025-03-02
406,32,17,20,4,56613.4,2025-12-27
407,31,3,18,4,210968.68,2025-06-14
408,60,18,18,4,148870.16,2025-11-29
409,34,32,12,3,171336.69,2025-09-20
410,13,43,16,4,274211.56,2025-06-13
411,41,15,14,3,214270.56,2025-01-24
412,95,14,5,2,23781.9,2025-01-09
413,75,19,19,5,100054.7,2025-08-02
414,26,25,11,2,71457.0,2025-04-28
415,32,35,16,5,55780.45,2025-10-09
416,33,46,16,3,180907.98,2025-11-25
417,59,31,6,4,88161.36,2025-06-30
418,93,35,18,2,22312.18,2025-09-08
419,83,28,2,5,336025.2,2025-09-26
420,86,34,2,1,71452.84,2025-01-04
421,81,46,8,2,120605.32,2025-02-04
422,2,2,7,2,81885.6,2025-09-16
423,8,50,20,3,104769.87,2025-11-23
424,62,50,16,5,174616.45,2025-01-09
425,71,29,14,5,306442.55,2025-01-07
426,93,27,9,5,180302.85,2025-10-02
427,65,37,14,1,56542.89,2025-04-02
428,68,11,5,1,36487.75,2025-05-04
429,68,36,9,5,153522.6,2025-07-01
430,11,24,12,4,136786.36,2025-07-27
431,32,16,8,5,311478.95,2025-06-03
432,84,11,2,1,36487.75,2025-02-17
433,49,26,18,4,238072.28,2025-09-01
434,90,7,6,1,64544.38,2025-02-12
435,83,13,11,4,158402.96,2025-10-17
436,6,45,8,5,377125.3,2025-04-19
437,61,5,9,5,134407.7,2025-01-24
438,70,38,19,3,99743.82,2025-12-03
439,41,34,1,2,142905.68,2025-04-17
440,97,46,13,2,120605.32,2025-02-09
441,73,49,8,2,78219.08,2025-10-18
442,43,5,13,5,134407.7,2025-03-13
443,65,43,12,1,68552.89,2025-01-28
444,30,38,3,4,132991.76,2025-06-24
445,77,47,13,5,215519.1,2025-06-17
446,58,8,16,3,6154.77,2025-04-27
447,49,39,14,5,217273.15,2025-04-06
448,85,19,13,5,100054.7,2025-02-13
449,32,1,3,3,106285.71,2025-02-12
450,49,8,5,2,4103.18,2025-07-19
451,14,49,3,3,117328.62,2025-01-03
452,47,48,9,4,256037.88,2025-02-22
453,24,20,14,1,36571.3,2025-08-18
454,66,9,14,5,393582.45,2025-02-22
455,46,38,18,1,33247.94,2025-02-17
456,42,14,13,5,59454.75,2025-01-07
457,50,7,3,4,258177.52,2025-10-14
458,67,40,6,5,25375.15,2025-12-17
459,18,23,9,2,98101.84,2025-06-04
460,19,7,3,4,258177.52,2025-03-27
461,54,21,10,3,160318.38,2025-09-05
462,33,13,8,3,118802.22,2025-11-17
463,79,8,7,5,10257.95,2025-08-23
464,39,45,1,2,150850.12,2025-07-22
465,49,47,11,5,215519.1,2025-08-14
466,84,40,20,4,20300.12,2025-03-11
467,78,27,7,3,108181.71,2025-09-03
468,51,40,11,2,10150.06,2025-05-30
469,74,8,8,4,8206.36,2025-06-16
470,51,7,12,3,193633.14,2025-02-28
471,76,50,18,2,69846.58,2025-04-03
472,4,12,15,5,78176.9,2025-12-29
473,38,21,3,4,213757.84,2025-07-29
474,18,47,10,4,172415.28,2025-05-04
475,92,49,14,2,78219.08,2025-07-13
476,77,41,16,4,124876.8,2025-10-26
477,65,42,14,5,378451.8,2025-10-06
478,90,14,18,3,35672.85,2025-11-01
479,14,30,8,1,38819.3,2025-12-03
480,22,17,20,3,42460.05,2025-01-23
481,97,40,11,4,20300.12,2025-08-09
482,13,4,9,1,41284.62,2025-04-24
483,72,21,19,5,267197.3,2025-12-19
484,58,34,12,2,142905.68,2025-07-20
485,89,16,17,5,311478.95,2025-03-19
486,62,20,4,1,36571.3,2025-06-01
487,15,28,5,1,67205.04,2025-06-28
488,59,30,7,3,116457.9,2025-09-24
489,61,39,4,3,130363.89,2025-08-13
490,41,10,3,4,271976.16,2025-06-03
491,3,27,11,1,36060.57,2025-11-28
492,95,14,8,2,23781.9,2025-09-22
493,21,46,11,5,301513.3,2025-10-14
494,30,44,13,4,121969.76,2025-11-19
495,82,33,14,2,43620.08,2025-07-22
496,26,46,15,5,301513.3,2025-10-31
497,1,3,7,4,210968.68,2025-04-16
498,74,20,4,1,36571.3,2025-10-02
499,42,28,7,3,201615.12,2025-08-23
500,86,18,16,3,111652.62,2025-09-28
501,77,49,13,3,117328.62,2025-11-09
502,15,42,12,5,378451.8,2025-06-30
503,23,49,10,5,195547.7,2025-11-11
504,87,21,5,1,53439.46,2025-06-10
505,40,29,4,2,122577.02,2025-04-04
506,66,22,13,2,95353.28,2025-08-03
507,74,18,13,2,74435.08,2025-08-05
508,82,10,18,4,271976.16,2025-12-22
509,72,39,6,2,86909.26,2025-09-08
510,24,16,11,2,124591.58,2025-08-19
511,46,1,1,1,35428.57,2025-09-06
512,50,25,18,2,71457.0,2025-09-16
513,53,34,16,4,285811.36,2025-08-01
514,63,30,6,4,155277.2,2025-02-12
515,98,14,8,1,11890.95,2025-05-30
516,29,41,18,3,93657.6,2025-05-28
517,73,15,16,4,285694.08,2025-10-09
518,74,20,4,1,36571.3,2025-05-18
519,70,15,2,3,214270.56,2025-08-14
520,55,31,4,2,44080.68,2025-12-01
521,39,33,2,2,43620.08,2025-08-19
522,12,10,15,3,203982.12,2025-03-02
523,95,49,19,2,78219.08,2025-12-19
524,81,32,14,5,285561.15,2025-03-26
525,27,28,7,2,134410.08,2025-01-31
526,69,26,9,3,178554.21,2025-11-02
527,42,19,10,2,40021.88,2025-05-29
528,66,45,4,3,226275.18,2025-03-11
529,8,36,9,4,122818.08,2025-12-02
530,32,41,5,2,62438.4,2025-12-31
531,98,21,13,2,106878.92,2025-09-08
532,81,14,9,5,59454.75,2025-11-18
533,58,27,3,4,144242.28,2025-11-21
534,66,16,9,4,249183.16,2025-12-22
535,63,2,11,4,163771.2,2025-10-25
536,94,40,15,1,5075.03,2025-11-22
537,9,26,18,3,178554.21,2025-07-23
538,28,36,16,4,122818.08,2025-05-18
539,44,10,18,3,203982.12,2025-10-23
540,63,34,11,5,357264.2,2025-12-16
541,6,22,4,1,47676.64,2025-11-17
542,16,47,6,1,43103.82,2025-08-14
543,55,8,7,1,2051.59,2025-12-19
544,21,38,9,3,99743.82,2025-02-17
545,33,41,3,3,93657.6,2025-07-10
546,7,8,13,2,4103.18,2025-11-17
547,55,1,3,2,70857.14,2025-12-27
548,28,45,16,1,75425.06,2025-02-09
549,29,35,17,5,55780.45,2025-12-15
550,2,41,11,1,31219.2,2025-03-03
551,62,2,3,2,81885.6,2025-04-28
552,94,32,4,1,57112.23,2025-02-22
553,39,19,5,3,60032.82,2025-07-15
554,83,5,5,2,53763.08,2025-02-05
555,2,15,20,5,357117.6,2025-11-29
556,45,25,7,4,142914.0,2025-11-18
557,53,23,20,2,98101.84,2025-12-18
558,12,24,4,2,68393.18,2025-03-13
559,76,24,13,1,34196.59,2025-06-29
560,18,49,8,3,117328.62,2025-05-22
561,32,37,18,1,56542.89,2025-11-04
562,37,21,1,5,267197.3,2025-12-04
563,67,31,20,2,44080.68,2025-09-18
564,38,28,2,4,268820.16,2025-05-03
565,15,37,8,4,226171.56,2025-09-13
566,10,36,17,5,153522.6,2025-01-07
567,17,29,13,3,183865.53,2025-10-19
568,70,2,6,3,122828.4,2025-08-30
569,76,5,3,1,26881.54,2025-01-08
570,6,25,2,2,71457.0,2025-07-23
571,81,28,17,3,201615.12,2025-08-01
572,11,47,18,4,172415.28,2025-10-03
573,36,35,3,2,22312.18,2025-06-08
574,27,8,5,5,10257.95,2025-10-02
575,76,50,3,4,139693.16,2025-06-08
576,94,22,8,4,190706.56,2025-01-30
577,56,45,4,1,75425.06,2025-08-21
578,8,8,10,5,10257.95,2025-12-08
579,16,25,1,2,71457.0,2025-12-29
580,21,20,16,1,36571.3,2025-06-27
581,93,43,9,5,342764.45,2025-03-27
582,96,25,9,2,71457.0,2025-03-02
583,55,39,9,3,130363.89,2025-09-26
584,92,9,19,3,236149.47,2025-11-18
585,59,35,17,4,44624.36,2025-07-04
586,73,38,6,4,132991.76,2025-07-08
587,99,29,4,3,183865.53,2025-10-21
588,30,32,17,1,57112.23,2025-01-02
589,32,10,2,1,67994.04,2025-08-30
590,20,27,6,4,144242.28,2025-01-19
591,29,32,11,4,228448.92,2025-05-08
592,35,6,3,3,161569.11,2025-10-20
593,65,34,2,1,71452.84,2025-04-02
594,6,38,13,5,166239.7,2025-02-05
595,100,17,10,3,42460.05,2025-06-17
596,59,45,1,5,377125.3,2025-07-08
597,73,31,10,3,66121.02,2025-11-15
598,48,24,19,4,136786.36,2025-09-10
599,98,32,8,5,285561.15,2025-03-19
600,4,45,8,4,301700.24,2025-10-05
601,43,48,1,1,64009.47,2025-12-03
602,14,20,7,3,109713.9,2025-09-29
603,63,9,2,4,314865.96,2025-03-14
604,12,30,2,3,116457.9,2025-04-29
605,90,41,12,4,124876.8,2025-08-23
606,75,28,4,1,67205.04,2025-09-16
607,10,33,19,4,87240.16,2025-10-18
608,85,12,5,4,62541.52,2025-05-02
609,41,31,13,3,66121.02,2025-12-25
610,41,10,15,3,203982.12,2025-05-20
611,26,26,5,1,59518.07,2025-10-27
612,14,4,6,2,82569.24,2025-08-19
613,53,1,4,3,106285.71,2025-10-02
614,58,17,10,2,28306.7,2025-08-26
615,12,40,6,1,5075.03,2025-12-18
616,6,12,7,5,78176.9,2025-06-17
617,92,28,8,1,67205.04,2025-07-02
618,7,46,10,5,301513.3,2025-05-14
619,52,1,15,1,35428.57,2025-10-12
620,32,14,4,5,59454.75,2025-08-25
621,16,10,1,2,135988.08,2025-02-01
622,26,24,13,2,68393.18,2025-07-10
623,75,36,19,1,30704.52,2025-05-13
624,9,25,7,1,35728.5,2025-11-27
625,12,49,11,2,78219.08,2025-03-04
626,7,39,6,4,173818.52,2025-10-21
627,64,34,1,4,285811.36,2025-07-15
628,23,16,12,4,249183.16,2025-04-20
629,36,15,15,3,214270.56,2025-03-18
630,80,21,20,5,267197.3,2025-05-06
631,64,2,14,3,122828.4,2025-10-09
632,12,15,9,1,71423.52,2025-07-16
633,26,16,17,4,249183.16,2025-05-08
634,3,41,13,5,156096.0,2025-07-03
635,63,39,12,5,217273.15,2025-10-17
636,50,10,9,3,203982.12,2025-04-03
637,77,5,8,3,80644.62,2025-01-16
638,61,5,17,1,26881.54,2025-07-03
639,21,25,4,2,71457.0,2025-05-07
640,35,14,18,2,23781.9,2025-01-29
641,50,2,12,5,204714.0,2025-03-30
642,76,18,11,2,74435.08,2025-12-24
643,4,22,12,5,238383.2,2025-10-18
644,73,14,7,2,23781.9,2025-09-10
645,23,11,16,3,109463.25,2025-01-20
646,30,42,20,1,75690.36,2025-04-23
647,62,47,1,5,215519.1,2025-06-19
648,17,21,11,2,106878.92,2025-04-01
649,3,24,5,1,34196.59,2025-10-28
650,100,39,4,2,86909.26,2025-09-27
651,48,40,13,1,5075.03,2025-10-28
652,39,13,11,3,118802.22,2025-03-11
653,82,35,16,4,44624.36,2025-11-29
654,91,1,18,2,70857.14,2025-12-22
655,29,25,19,3,107185.5,2025-03-31
656,94,42,10,3,227071.08,2025-03-07
657,90,46,19,1,60302.66,2025-07-20
658,24,22,20,1,47676.64,2025-06-12
659,82,12,19,2,31270.76,2025-02-23
660,43,7,3,2,129088.76,2025-05-02
661,22,33,3,3,65430.12,2025-12-29
662,58,43,1,3,205658.67,2025-05-16
663,89,7,3,2,129088.76,2025-06-29
664,93,5,1,1,26881.54,2025-01-25
665,94,39,14,4,173818.52,2025-03-27
666,49,6,12,4,215425.48,2025-10-07
667,62,40,19,1,5075.03,2025-11-30
668,21,41,15,2,62438.4,2025-02-07
669,3,48,11,3,192028.41,2025-05-14
670,44,23,6,1,49050.92,2025-07-12
671,71,15,3,1,71423.52,2025-06-23
672,62,9,1,5,393582.45,2025-08-09
673,78,17,14,2,28306.7,2025-03-22
674,43,24,7,1,34196.59,2025-04-08
675,93,35,18,5,55780.45,2025-05-16
676,39,13,8,3,118802.22,2025-02-19
677,74,48,18,4,256037.88,2025-09-09
678,47,18,1,1,37217.54,2025-08-07
679,85,42,20,3,227071.08,2025-09-03
680,4,8,7,1,2051.59,2025-03-29
681,11,7,16,3,193633.14,2025-03-01
682,61,43,16,4,274211.56,2025-12-05
683,83,40,18,1,5075.03,2025-07-18
684,49,3,12,3,158226.51,2025-04-06
685,34,1,15,1,35428.57,2025-08-27
686,35,43,19,2,137105.78,2025-02-01
687,11,26,12,1,59518.07,2025-10-05
688,30,39,18,5,217273.15,2025-02-01
689,54,45,18,5,377125.3,2025-12-18
690,31,37,16,5,282714.45,2025-06-03
691,92,49,2,4,156438.16,2025-09-15
692,74,7,20,5,322721.9,2025-03-17
693,23,7,6,4,258177.52,2025-04-19
694,6,32,14,2,114224.46,2025-02-10
695,26,41,5,4,124876.8,2025-11-01
696,94,19,3,3,60032.82,2025-02-14
697,51,31,18,5,110201.7,2025-06-16
698,59,36,1,5,153522.6,2025-12-25
699,67,15,14,5,357117.6,2025-02-27
700,19,38,19,2,66495.88,2025-10-29
701,14,36,19,1,30704.52,2025-02-21
702,45,44,14,5,152462.2,2025-05-16
703,74,38,20,4,132991.76,2025-08-31
704,36,26,13,2,119036.14,2025-03-15
705,88,10,13,5,339970.2,2025-01-20
706,89,39,8,3,130363.89,2025-01-26
707,35,10,12,4,271976.16,2025-01-11
708,40,19,9,3,60032.82,2025-09-09
709,30,39,5,1,43454.63,2025-06-03
710,100,38,11,4,132991.76,2025-05-18
711,78,8,3,4,8206.36,2025-04-07
712,53,27,16,2,72121.14,2025-09-22
713,66,11,6,1,36487.75,2025-02-03
714,52,11,5,5,182438.75,2025-09-26
715,23,24,7,1,34196.59,2025-04-13
716,5,10,15,2,135988.08,2025-01-26
717,36,45,12,2,150850.12,2025-08-26
718,82,36,4,4,122818.08,2025-12-15
719,48,23,16,2,98101.84,2025-11-01
720,61,36,19,2,61409.04,2025-10-10
721,21,17,9,3,42460.05,2025-12-19
722,4,36,13,3,92113.56,2025-01-26
723,100,4,7,5,206423.1,2025-04-24
724,87,13,7,2,79201.48,2025-05-18
725,66,15,1,4,285694.08,2025-12-16
726,17,41,6,4,124876.8,2025-11-04
727,33,31,20,2,44080.68,2025-06-06
728,55,34,13,3,214358.52,2025-06-28
729,28,16,15,3,186887.37,2025-06-04
730,80,16,13,5,311478.95,2025-10-27
731,66,28,12,1,67205.04,2025-10-15
732,78,48,10,5,320047.35,2025-06-02
733,62,33,3,1,21810.04,2025-06-22
734,36,37,9,3,169628.67,2025-12-02
735,25,6,5,3,161569.11,2025-09-22
736,77,30,13,1,38819.3,2025-12-05
737,93,3,1,2,105484.34,2025-12-02
738,34,1,14,3,106285.71,2025-07-27
739,75,42,19,1,75690.36,2025-04-08
740,88,45,18,2,150850.12,2025-11-23
741,65,38,10,3,99743.82,2025-03-29
742,24,11,10,5,182438.75,2025-02-19
743,95,16,9,2,124591.58,2025-10-14
744,88,45,11,2,150850.12,2025-12-02
745,46,4,8,2,82569.24,2025-06-07
746,48,42,9,3,227071.08,2025-10-27
747,16,17,16,4,56613.4,2025-01-28
748,75,3,20,5,263710.85,2025-02-06
749,65,18,4,2,74435.08,2025-12-15
750,39,43,14,5,342764.45,2025-01-28
751,26,22,11,2,95353.28,2025-07-29
752,19,9,11,4,314865.96,2025-04-03
753,43,40,6,4,20300.12,2025-06-10
754,1,45,15,1,75425.06,2025-05-21
755,74,37,6,2,113085.78,2025-09-08
756,79,1,14,2,70857.14,2025-11-21
757,55,29,16,4,245154.04,2025-07-16
758,69,23,7,1,49050.92,2025-07-11
759,97,10,17,3,203982.12,2025-04-08
760,81,48,8,1,64009.47,2025-04-26
761,40,43,5,3,205658.67,2025-02-22
762,76,28,10,5,336025.2,2025-03-27
763,39,19,10,1,20010.94,2025-08-22
764,77,28,17,5,336025.2,2025-06-22
765,44,2,16,2,81885.6,2025-07-03
766,22,6,13,2,107712.74,2025-01-10
767,94,40,5,2,10150.06,2025-04-19
768,76,32,17,1,57112.23,2025-03-28
769,92,37,2,3,169628.67,2025-07-12
770,99,24,18,3,102589.77,2025-11-16
771,7,10,4,5,339970.2,2025-12-01
772,89,46,4,1,60302.66,2025-08-02
773,16,33,18,4,87240.16,2025-05-10
774,27,49,1,2,78219.08,2025-06-04
775,85,7,17,1,64544.38,2025-05-19
776,90,12,5,5,78176.9,2025-08-03
777,93,44,20,5,152462.2,2025-03-02
778,14,32,16,1,57112.23,2025-04-12
779,100,28,9,2,134410.08,2025-09-25
780,91,46,14,3,180907.98,2025-06-01
781,71,42,16,1,75690.36,2025-04-17
782,43,20,8,4,146285.2,2025-01-02
783,15,40,19,1,5075.03,2025-12-09
784,12,27,17,2,72121.14,2025-02-08
785,33,39,8,1,43454.63,2025-08-22
786,60,35,2,3,33468.27,2025-02-21
787,38,23,12,1,49050.92,2025-12-13
788,95,43,4,4,274211.56,2025-02-18
789,2,19,5,1,20010.94,2025-12-06
790,43,35,12,2,22312.18,2025-08-13
791,94,17,3,3,42460.05,2025-07-10
792,15,8,13,2,4103.18,2025-07-24
793,50,5,16,3,80644.62,2025-08-04
794,15,4,5,2,82569.24,2025-12-23
795,21,21,4,1,53439.46,2025-08-02
796,73,4,15,4,165138.48,2025-04-03
797,100,47,12,4,172415.28,2025-11-10
798,62,44,16,2,60984.88,2025-02-27
799,6,20,3,4,146285.2,2025-05-14
800,2,34,17,3,214358.52,2025-10-23
801,29,1,11,5,177142.85,2025-09-23
802,13,10,14,5,339970.2,2025-12-05
803,62,25,12,2,71457.0,2025-12-06
804,20,15,18,4,285694.08,2025-11-10
805,83,17,6,1,14153.35,2025-09-16
806,22,46,3,4,241210.64,2025-09-09
807,43,16,9,2,124591.58,2025-01-26
808,71,19,13,2,40021.88,2025-07-26
809,59,29,15,1,61288.51,2025-10-21
810,64,14,15,1,11890.95,2025-06-11
811,96,44,1,4,121969.76,2025-02-22
812,5,14,18,4,47563.8,2025-10-09
813,78,15,20,1,71423.52,2025-11-23
814,72,37,7,5,282714.45,2025-12-02
815,44,29,12,4,245154.04,2025-01-28
816,43,49,18,4,156438.16,2025-11-14
817,92,6,12,4,215425.48,2025-08-20
818,98,1,8,1,35428.57,2025-01-02
819,82,9,10,3,236149.47,2025-10-08
820,90,46,4,3,180907.98,2025-01-24
821,18,39,14,4,173818.52,2025-02-24
822,26,12,7,5,78176.9,2025-03-03
823,59,34,7,2,142905.68,2025-06-23
824,6,38,19,4,132991.76,2025-03-05
825,85,45,19,4,301700.24,2025-09-16
826,1,44,17,4,121969.76,2025-01-25
827,75,3,16,4,210968.68,2025-09-18
828,23,4,5,5,206423.1,2025-02-23
829,78,10,11,5,339970.2,2025-09-16
830,78,38,8,4,132991.76,2025-05-21
831,38,7,15,3,193633.14,2025-03-10
832,78,14,17,4,47563.8,2025-06-03
833,41,47,18,5,215519.1,2025-11-20
834,27,27,20,2,72121.14,2025-05-29
835,87,13,5,3,118802.22,2025-12-30
836,65,20,18,2,73142.6,2025-12-22
837,91,4,4,3,123853.86,2025-06-30
838,75,29,19,4,245154.04,2025-12-08
839,87,13,18,4,158402.96,2025-05-27
840,67,44,4,1,30492.44,2025-01-13
841,7,38,2,2,66495.88,2025-04-13
842,37,27,9,2,72121.14,2025-03-16
843,27,35,18,3,33468.27,2025-01-17
844,14,10,20,4,271976.16,2025-12-12
845,29,41,18,5,156096.0,2025-07-19
846,90,44,10,5,152462.2,2025-12-21
847,49,41,13,1,31219.2,2025-08-02
848,71,31,2,3,66121.02,2025-01-07
849,26,21,20,3,160318.38,2025-08-15
850,97,46,19,3,180907.98,2025-10-07
851,26,24,7,5,170982.95,2025-05-31
852,88,11,3,2,72975.5,2025-04-06
853,16,19,13,5,100054.7,2025-01-21
854,72,8,9,3,6154.77,2025-03-08
855,33,36,1,5,153522.6,2025-06-19
856,6,36,5,2,61409.04,2025-06-15
857,100,25,20,1,35728.5,2025-12-05
858,74,9,18,4,314865.96,2025-07-03
859,68,49,8,3,117328.62,2025-04-05
860,65,49,6,1,39109.54,2025-08-01
861,52,50,3,5,174616.45,2025-06-28
862,85,49,11,2,78219.08,2025-06-19
863,28,16,20,3,186887.37,2025-09-29
864,97,9,1,5,393582.45,2025-02-28
865,58,38,8,3,99743.82,2025-11-25
866,32,31,2,5,110201.7,2025-12-16
867,15,17,13,4,56613.4,2025-05-12
868,4,24,17,3,102589.77,2025-07-11
869,58,29,16,5,306442.55,2025-01-23
870,42,34,17,2,142905.68,2025-02-12
871,99,22,18,2,95353.28,2025-10-01
872,27,47,7,1,43103.82,2025-12-17
873,27,36,18,1,30704.52,2025-12-26
874,83,46,3,4,241210.64,2025-12-18
875,59,12,11,1,15635.38,2025-01-20
876,7,24,6,1,34196.59,2025-05-09
877,74,14,8,1,11890.95,2025-05-13
878,58,32,13,4,228448.92,2025-08-10
879,50,11,4,1,36487.75,2025-10-01
880,9,4,19,5,206423.1,2025-01-24
881,46,23,17,1,49050.92,2025-02-24
882,78,45,3,3,226275.18,2025-05-25
883,51,39,1,4,173818.52,2025-08-31
884,29,50,5,5,174616.45,2025-07-20
885,82,22,5,3,143029.92,2025-06-02
886,2,5,18,3,80644.62,2025-10-12
887,6,31,1,1,22040.34,2025-10-21
888,69,40,18,4,20300.12,2025-02-13
889,96,16,12,2,124591.58,2025-04-19
890,19,20,6,5,182856.5,2025-04-05
891,33,47,7,5,215519.1,2025-02-28
892,7,11,18,5,182438.75,2025-08-25
893,10,31,10,5,110201.7,2025-12-10
894,13,29,7,3,183865.53,2025-10-25
895,46,30,5,3,116457.9,2025-12-10
896,13,40,10,2,10150.06,2025-11-14
897,41,32,16,2,114224.46,2025-08-19
898,85,40,10,5,25375.15,2025-12-22
899,73,35,19,2,22312.18,2025-07-06
900,22,3,1,4,210968.68,2025-06-10
901,92,23,14,2,98101.84,2025-05-22
902,87,47,11,2,86207.64,2025-09-03
903,46,10,10,4,271976.16,2025-09-07
904,23,15,20,1,71423.52,2025-02-11
905,69,44,7,2,60984.88,2025-05-15
906,94,18,3,1,37217.54,2025-01-10
907,75,41,19,1,31219.2,2025-07-27
908,5,2,18,2,81885.6,2025-05-14
909,61,20,5,5,182856.5,2025-07-07
910,99,8,19,2,4103.18,2025-05-29
911,65,3,17,4,210968.68,2025-02-16
912,65,10,1,3,203982.12,2025-12-06
913,88,22,6,5,238383.2,2025-09-21
914,21,19,6,4,80043.76,2025-10-17
915,95,40,16,2,10150.06,2025-07-03
916,98,34,16,2,142905.68,2025-04-29
917,48,26,8,3,178554.21,2025-01-22
918,67,14,12,2,23781.9,2025-07-18
919,6,4,2,4,165138.48,2025-11-29
920,91,50,17,1,34923.29,2025-11-21
921,75,14,18,3,35672.85,2025-10-19
922,84,29,13,4,245154.04,2025-07-07
923,67,50,9,1,34923.29,2025-07-12
924,52,39,12,5,217273.15,2025-06-26
925,78,1,1,4,141714.28,2025-09-14
926,22,23,8,4,196203.68,2025-02-09
927,28,30,5,3,116457.9,2025-04-06
928,78,43,4,3,205658.67,2025-12-05
929,43,9,4,4,314865.96,2025-09-04
930,62,48,7,4,256037.88,2025-10-30
931,3,34,8,4,285811.36,2025-01-23
932,76,11,6,5,182438.75,2025-03-10
933,6,20,19,5,182856.5,2025-03-17
934,34,50,6,2,69846.58,2025-09-22
935,73,15,1,5,357117.6,2025-12-05
936,28,12,15,1,15635.38,2025-11-07
937,22,30,8,4,155277.2,2025-07-30
938,75,14,6,2,23781.9,2025-11-16
939,34,9,6,5,393582.45,2025-12-18
940,77,6,19,4,215425.48,2025-02-05
941,50,39,5,4,173818.52,2025-02-25
942,67,1,17,2,70857.14,2025-12-17
943,78,35,4,2,22312.18,2025-04-01
944,77,44,2,5,152462.2,2025-09-30
945,12,36,16,1,30704.52,2025-12-04
946,70,3,1,5,263710.85,2025-12-14
947,67,29,14,4,245154.04,2025-07-09
948,55,39,8,5,217273.15,2025-09-04
949,76,35,19,3,33468.27,2025-02-20
950,33,13,16,2,79201.48,2025-04-30
951,77,40,18,3,15225.09,2025-07-29
952,1,18,1,2,74435.08,2025-10-23
953,67,11,1,1,36487.75,2025-07-12
954,89,49,11,2,78219.08,2025-07-29
955,20,1,14,1,35428.57,2025-11-30
956,34,28,18,3,201615.12,2025-08-05
957,79,19,9,3,60032.82,2025-12-15
958,53,50,18,2,69846.58,2025-10-13
959,48,19,18,2,40021.88,2025-10-12
960,40,45,19,3,226275.18,2025-06-26
961,95,33,5,4,87240.16,2025-12-04
962,58,20,6,2,73142.6,2025-02-21
963,52,40,11,5,25375.15,2025-10-09
964,21,6,13,1,53856.37,2025-11-22
965,19,6,16,1,53856.37,2025-11-04
966,9,36,9,1,30704.52,2025-04-24
967,78,2,2,1,40942.8,2025-07-16
968,84,39,17,5,217273.15,2025-05-27
969,8,7,6,5,322721.9,2025-11-24
970,2,45,7,4,301700.24,2025-12-03
971,25,8,2,3,6154.77,2025-11-03
972,90,38,8,5,166239.7,2025-11-11
973,47,43,8,1,68552.89,2025-12-02
974,12,30,9,2,77638.6,2025-07-24
975,52,28,19,4,268820.16,2025-04-13
976,95,39,3,1,43454.63,2025-02-16
977,93,14,18,3,35672.85,2025-10-26
978,36,48,8,3,192028.41,2025-11-07
979,52,31,19,4,88161.36,2025-01-03
980,53,30,17,2,77638.6,2025-02-24
981,65,22,10,1,47676.64,2025-06-24
982,33,43,18,5,342764.45,2025-10-22
983,49,47,19,4,172415.28,2025-09-05
984,100,49,15,3,117328.62,2025-12-15
985,4,41,16,5,156096.0,2025-03-01
986,49,49,8,1,39109.54,2025-12-13
987,41,42,14,2,151380.72,2025-06-30
988,2,47,9,5,215519.1,2025-05-08
989,52,30,11,1,38819.3,2025-02-08
990,61,7,11,2,129088.76,2025-07-01
991,35,48,6,5,320047.35,2025-12-16
992,95,27,7,4,144242.28,2025-05-01
993,34,43,7,2,137105.78,2025-04-28
994,80,19,12,2,40021.88,2025-03-21
995,11,11,16,1,36487.75,2025-11-11
996,6,40,16,5,25375.15,2025-07-10
997,64,47,19,3,129311.46,2025-05-21
998,98,34,17,2,142905.68,2025-05-24
999,97,49,19,2,78219.08,2025-03-07
1000,55,20,16,5,182856.5,2025-10-04
